dataset,batch,algo,run,lam,seconds,train_ce,ce,train_acc,acc,f1,gen_factor,value
iris,32,qso,1001,0.001,10.29,0.05173723261090076,0.14122659306784907,0.9888888888888889,0.9333333333333333,0.9326599326599326,2.7296897406548446,0.1
iris,32,qso,1000,0.001,10.46,0.04719710516128774,0.05976383024465693,0.9888888888888889,0.9666666666666667,0.9665831244778613,1.2662605056056855,0.1
iris,32,qso,1007,0.001,11.23,0.051607269736258586,0.06583762507853227,0.9777777777777777,0.9666666666666667,0.9665831244778613,1.2757432318159554,0.1
iris,32,qso,1006,0.001,11.57,0.04435662560612163,0.17873759308163303,0.9888888888888889,0.9333333333333333,0.9326599326599326,4.029557944032731,0.1
iris,32,qso,1003,0.001,23.07,0.048772834287821316,0.017645395334302892,0.9888888888888889,1.0,1.0,0.36178736774190273,0.1
iris,32,qso,1004,0.001,23.78,0.06384639877544933,0.08913437502334567,0.9777777777777777,0.9666666666666667,0.9665831244778613,1.3960752169724608,0.1
iris,32,qso,1005,0.001,24.04,0.04779378306226175,0.14373891623078722,0.9888888888888889,0.9333333333333333,0.9333333333333332,3.007481455141062,0.1
iris,32,qso,1002,0.001,24.05,0.07237252139959302,0.037921538254056406,0.9888888888888889,0.9666666666666667,0.9665831244778612,0.5239770222275226,0.1
iris,32,qso,1009,0.001,18.27,0.050859820654399555,0.09822112282009589,0.9777777777777777,0.9666666666666667,0.9665831244778613,1.9312125280095618,0.1
iris,32,qso,1001,0.001,18.76,0.05005134529106195,0.15077614823017896,0.9888888888888889,0.9,0.8976982097186701,3.0124294832311773,0.5
iris,32,qso,1008,0.001,21.75,0.041762467982063296,0.20053080458314562,0.9888888888888889,0.9,0.8995215311004784,4.801699091856168,0.1
iris,32,qso,1003,0.001,19.99,0.0558858772914769,0.02456329162207871,0.9888888888888889,1.0,1.0,0.4395259198306409,0.5
iris,32,qso,1000,0.001,23.35,0.0581575282629423,0.03470155209323666,0.9777777777777777,1.0,1.0,0.5966820311954063,0.5
iris,32,qso,1002,0.001,24.43,0.07166719558835385,0.09643970854083354,0.9777777777777777,0.9666666666666667,0.9665831244778613,1.345660420351446,0.5
iris,32,qso,1004,0.001,22.07,0.08027971862903686,0.07759776022999873,0.9666666666666667,0.9666666666666667,0.9665831244778613,0.9665923293599078,0.5
iris,32,qso,1006,0.001,20.66,0.03880791620190712,0.19889129088284857,1.0,0.9333333333333333,0.9326599326599326,5.1250185618849216,0.5
iris,32,qso,1005,0.001,23.18,0.042723264459635465,0.15228475752003456,0.9888888888888889,0.9333333333333333,0.9333333333333332,3.564445728717939,0.5
iris,32,qso,1009,0.001,19.37,0.040172618473643625,0.10136207128453671,0.9888888888888889,0.9666666666666667,0.9665831244778613,2.5231631677441726,0.5
iris,32,qso,1007,0.001,25.4,0.08861013016885785,0.06642522096870991,0.9777777777777777,0.9666666666666667,0.9665831244778613,0.7496346167433477,0.5
iris,32,qso,1008,0.001,23.07,0.04506607319892116,0.14163155269948197,0.9888888888888889,0.9333333333333333,0.9326599326599326,3.1427533540435575,0.5
iris,32,qso,1000,0.001,15.99,0.0778396067005645,0.016206390480868197,0.9666666666666667,1.0,1.0,0.20820236853471494,1.0
iris,32,qso,1001,0.001,19.84,0.05120589513509276,0.13683036629101172,0.9888888888888889,0.9333333333333333,0.9326599326599326,2.672160420787923,1.0
iris,32,qso,1003,0.001,18.12,0.053097970527866224,0.032155735932574876,0.9888888888888889,1.0,1.0,0.6055925605612233,1.0
iris,32,qso,1002,0.001,23.15,0.07520387692875534,0.05418399325960097,0.9777777777777777,0.9666666666666667,0.9665831244778612,0.7204946802268236,1.0
iris,32,qso,1005,0.001,21.98,0.046246492397199766,0.15450773692854533,0.9888888888888889,0.9,0.899749373433584,3.340961204182067,1.0
iris,32,qso,1004,0.001,24.85,0.06078788306254102,0.03697328089935696,0.9777777777777777,1.0,1.0,0.6082343887731271,1.0
iris,32,qso,1006,0.001,19.55,0.034959065880204955,0.1919300864128041,1.0,0.9333333333333333,0.9326599326599326,5.4901377248035,1.0
iris,32,qso,1008,0.001,20.59,0.04048491783657788,0.15215947382187275,0.9888888888888889,0.9333333333333333,0.9326599326599326,3.7584236785679628,1.0
iris,32,qso,1007,0.001,22.88,0.06424829921316016,0.042669083870570446,0.9777777777777777,1.0,1.0,0.6641278351821399,1.0
iris,32,qso,1009,0.001,26.5,0.04770671010909374,0.08693902909152619,0.9888888888888889,0.9666666666666667,0.9665831244778613,1.8223647971683143,1.0
iris,32,qso,1000,0.001,24.32,0.11236379426059158,0.03523946288435812,0.9555555555555556,1.0,1.0,0.3136193746059478,2.0
iris,32,qso,1002,0.001,22.05,0.09162296163612478,0.07593738518538601,0.9777777777777777,0.9666666666666667,0.9665831244778612,0.8288029968619316,2.0
iris,32,qso,1001,0.001,26.12,0.07518972519877944,0.22778141298758794,0.9888888888888889,0.9,0.8976982097186701,3.029422070441156,2.0
iris,32,qso,1003,0.001,23.42,0.05232729563110428,0.022309410783990912,0.9888888888888889,1.0,1.0,0.4263436608929164,2.0
iris,32,qso,1005,0.001,15.64,0.0445280219097538,0.15609817099607665,0.9888888888888889,0.9333333333333333,0.9333333333333332,3.5056165601168003,2.0
iris,32,qso,1004,0.001,28.11,0.07056874727177703,0.03716300175161608,0.9777777777777777,1.0,1.0,0.5266212479086886,2.0
iris,32,qso,1006,0.001,23.8,0.051465266800194864,0.16352713540455896,1.0,0.9333333333333333,0.9326599326599326,3.1774271381789436,2.0
iris,32,qso,1007,0.001,19.86,0.06267518755557239,0.031249248997821458,0.9777777777777777,1.0,1.0,0.49859043453381924,2.0
iris,32,qso,1008,0.001,23.5,0.039240324814912596,0.2307738965088331,0.9777777777777777,0.9,0.8995215311004784,5.881039405186868,2.0
iris,32,qso,1009,0.001,22.83,0.04198453451937353,0.08230381818983162,0.9888888888888889,0.9666666666666667,0.9665831244778613,1.9603365651667042,2.0
wine,32,qso,1002,0.0001,29.34,0.002984511076073399,0.01023160780342984,1.0,1.0,1.0,3.428235829129894,0.1
wine,32,qso,1000,0.0001,40.87,0.0025479834145943447,0.003139629756912081,1.0,1.0,1.0,1.2322018027781905,0.1
wine,32,qso,1003,0.0001,34.26,0.0018894839488041992,0.07470044228678732,1.0,0.9444444444444444,0.9448366013071895,39.534838247270166,0.1
wine,32,qso,1001,0.0001,39.22,0.002277294528088289,0.15646725705324124,1.0,0.9166666666666666,0.9181671790367442,68.70751899825191,0.1
wine,32,qso,1004,0.0001,38.92,0.0017208717477744033,0.13288165652406506,1.0,0.9444444444444444,0.9457411645054665,77.21764082414647,0.1
wine,32,qso,1005,0.0001,44.32,0.0031771921916292907,0.027140993525761783,1.0,1.0,1.0,8.542446250896662,0.1
wine,32,qso,1006,0.0001,30.35,0.0009913428416500466,0.13561556799358968,1.0,0.9722222222222222,0.9696394686907022,136.7998660966407,0.1
wine,32,qso,1007,0.0001,34.32,0.0023310504568417574,0.03897471013387897,1.0,0.9722222222222222,0.9740129935032483,16.71980545057964,0.1
wine,32,qso,1008,0.0001,38.59,0.006222539210934112,0.02323812052553829,1.0,0.9722222222222222,0.9717813051146384,3.7345076885501607,0.1
wine,32,qso,1009,0.0001,41.98,0.0029873968099489463,0.03977717277955917,1.0,0.9722222222222222,0.9717813051146384,13.314994729554842,0.1
wine,32,qso,1000,0.0001,39.36,0.00586293305005281,0.02773040904563355,1.0,0.9722222222222222,0.9717813051146384,4.729784360301329,0.5
wine,32,qso,1004,0.0001,24.59,0.0010377960880108082,0.12245221092545101,1.0,0.9722222222222222,0.9751724137931035,117.99255397094514,0.5
wine,32,qso,1002,0.0001,44.77,0.005000206699222671,0.02305907679287468,1.0,1.0,1.0,4.611624714726179,0.5
wine,32,qso,1001,0.0001,48.77,0.0016144918462879586,0.10758567496966362,1.0,0.9444444444444444,0.942857142857143,66.6374842443613,0.5
wine,32,qso,1003,0.0001,40.71,0.0016834210699168432,0.1277435083576457,1.0,0.9444444444444444,0.9407407407407407,75.88327759492515,0.5
wine,32,qso,1006,0.0001,25.16,0.0014701684285418175,0.08842827025847368,1.0,0.9444444444444444,0.9450660699062233,60.14839425315439,0.5
wine,32,qso,1005,0.0001,48.46,0.0020547515124930255,0.16934901223872456,1.0,0.8888888888888888,0.8912698412698412,82.41824435172396,0.5
wine,32,qso,1007,0.0001,30.91,0.004038645052781905,0.006723317411365347,1.0,1.0,1.0,1.6647458054612108,0.5
wine,32,qso,1009,0.0001,30.87,0.0012542465644365644,0.018368103328121745,1.0,1.0,1.0,14.644730828003588,0.5
wine,32,qso,1000,0.0001,39.32,0.008244146358803276,0.14537474744663553,1.0,0.9722222222222222,0.9717813051146384,17.63369318296991,1.0
wine,32,qso,1001,0.0001,44.01,0.0010849992299268346,0.051380185118970044,1.0,1.0,1.0,47.35504293623765,1.0
wine,32,qso,1008,0.0001,47.64,0.0013501580971768232,0.000505614571894716,1.0,1.0,1.0,0.37448545688979284,0.5
wine,32,qso,1003,0.0001,35.84,0.002645734626998358,0.03650780835310546,1.0,0.9722222222222222,0.9696394686907022,13.798741559551019,1.0
wine,32,qso,1002,0.0001,43.78,0.0022507592221329645,0.011483962866300148,1.0,1.0,1.0,5.102261829418255,1.0
wine,32,qso,1004,0.0001,48.11,0.0013895434941778018,0.09546806837284065,1.0,0.9722222222222222,0.9751724137931035,68.70462765134924,1.0
wine,32,qso,1005,0.0001,40.57,0.005207244067632263,0.026136545398948878,1.0,1.0,1.0,5.019266441035705,1.0
wine,32,qso,1007,0.0001,36.44,0.0018661228025097232,0.013140401810647205,1.0,1.0,1.0,7.041552567159491,1.0
wine,32,qso,1006,0.0001,51.05,0.0011355555750458119,0.15241882536776524,1.0,0.9722222222222222,0.9696394686907022,134.22401220795925,1.0
wine,32,qso,1008,0.0001,41.08,0.001981277097361289,0.00628016502454908,1.0,1.0,1.0,3.1697560290345805,1.0
wine,32,qso,1009,0.0001,50.76,0.007738496453566623,0.055699994583011586,1.0,0.9722222222222222,0.9717813051146384,7.197779945655958,1.0
wine,32,qso,1000,0.0001,45.43,0.001344949969132579,0.002422248830337806,1.0,1.0,1.0,1.8009954912300767,2.0
wine,32,qso,1001,0.0001,46.86,0.0021075731438183276,0.05534895864225484,1.0,0.9722222222222222,0.9717813051146384,26.261939617420893,2.0
wine,32,qso,1002,0.0001,46.82,0.0024124567287582338,0.012671814452091866,1.0,1.0,1.0,5.252659789099903,2.0
wine,32,qso,1003,0.0001,47.57,0.0024969018848627626,0.020718133630410408,1.0,1.0,1.0,8.29753614109236,2.0
wine,32,qso,1004,0.0001,48.89,0.0010726368262825245,0.07894826579019913,1.0,0.9444444444444444,0.9457411645054665,73.60204670933491,2.0
wine,32,qso,1005,0.0001,42.55,0.014377664662091692,0.02145850979145555,0.9905660377358491,1.0,1.0,1.4924892390927222,2.0
wine,32,qso,1008,0.0001,32.51,0.005758045004713673,0.04561558010525041,1.0,0.9722222222222222,0.9717813051146384,7.922060363874962,2.0
wine,32,qso,1007,0.0001,39.33,0.008477785490877006,0.02857535637482481,1.0,1.0,1.0,3.3706156407914447,2.0
wine,32,qso,1006,0.0001,45.58,0.0024238879380952976,0.06872566997013652,1.0,0.9444444444444444,0.9448366013071895,28.353484866194542,2.0
wine,32,qso,1009,0.0001,31.1,0.0024876753167519202,0.07577758451758494,1.0,0.9722222222222222,0.9717813051146384,30.46120368172699,2.0
cancer,32,qso,1001,0.001,123.58,0.0588688774622403,0.09305278341922106,0.9765395894428153,0.9649122807017544,0.9623015873015872,1.5806787462340692,0.1
cancer,32,qso,1002,0.001,128.19,0.040594019950126944,0.21559874277069258,0.9853372434017595,0.9649122807017544,0.9626596790042581,5.311096142623302,0.1
cancer,32,qso,1000,0.001,151.76,0.11784925360169107,0.25193737664178256,0.9589442815249267,0.9649122807017544,0.9614864864864865,2.1377935705327826,0.1
cancer,32,qso,1004,0.001,137.14,0.06992537852867389,0.08435874288622526,0.9794721407624634,0.9736842105263158,0.9715828832571666,1.2064109578131603,0.1
cancer,32,qso,1003,0.001,142.27,0.06969329237699237,0.34005496676236585,0.9853372434017595,0.9035087719298246,0.8946837994457042,4.8793069628982995,0.1
cancer,32,qso,1005,0.001,141.67,0.09350352217301808,0.08599269359346383,0.9706744868035191,0.9649122807017544,0.9626596790042581,0.9196733085021516,0.1
cancer,32,qso,1007,0.001,125.87,0.21688045620856652,0.17852911065896124,0.9178885630498533,0.9122807017543859,0.9082125603864735,0.8231682733426008,0.1
cancer,32,qso,1006,0.001,149.41,0.023946467391052127,0.10488632680391773,0.9912023460410557,0.9736842105263158,0.9715828832571666,4.380033392445589,0.1
cancer,32,qso,1008,0.001,131.68,0.10004077738068068,0.07204882138307511,0.967741935483871,0.9824561403508771,0.981329839502129,0.7201945373626093,0.1
cancer,32,qso,1000,0.001,130.63,0.10802528569399852,0.2700041119053834,0.967741935483871,0.9210526315789473,0.9163609684519443,2.499452884301734,0.5
cancer,32,qso,1009,0.001,139.35,0.08642579775913133,0.15975803938222324,0.9648093841642229,0.9298245614035088,0.9259740259740259,1.8484994472075207,0.1
cancer,32,qso,1001,0.001,142.25,0.04731493644773496,0.029813000775923387,0.9912023460410557,0.9912280701754386,0.9905276277523889,0.6300970267360589,0.5
cancer,32,qso,1002,0.001,137.01,0.04350787596254662,0.15386473243991106,0.9853372434017595,0.956140350877193,0.9535338713621913,3.536479982896986,0.5
cancer,32,qso,1005,0.001,119.05,0.07273845506064214,0.31945790815924757,0.9824046920821115,0.9210526315789473,0.9155902920608803,4.391870955918917,0.5
cancer,32,qso,1003,0.001,134.21,0.0743976701773754,0.1546857434081225,0.967741935483871,0.9385964912280702,0.9349474199070678,2.0791745633879133,0.5
cancer,32,qso,1004,0.001,141.37,0.10797845133211031,0.238391681822838,0.9618768328445748,0.9298245614035088,0.9271099744245523,2.2077708920793326,0.5
cancer,32,qso,1006,0.001,133.28,0.022551309913417535,0.1391806184338766,0.9941348973607038,0.9649122807017544,0.9623015873015872,6.1717309978107835,0.5
cancer,32,qso,1007,0.001,139.49,0.11669587357971423,0.09683347904866554,0.967741935483871,0.956140350877193,0.9531057178116001,0.829793514356951,0.5
cancer,32,qso,1009,0.001,120.11,0.08838647730115747,0.09067983561930532,0.9736070381231672,0.9736842105263158,0.9718634306869601,1.025946936547021,0.5
cancer,32,qso,1000,0.001,119.39,0.05564907362094773,0.17586135773444933,0.9882697947214076,0.9649122807017544,0.9626596790042581,3.1601848205475003,1.0
cancer,32,qso,1008,0.001,142.03,0.07761297262130373,0.1188500266338135,0.9736070381231672,0.9473684210526315,0.9434523809523809,1.5313165134611884,0.5
cancer,32,qso,1002,0.001,123.88,0.054891124724087116,0.16167438473105852,0.9794721407624634,0.9736842105263158,0.9721203228173148,2.9453647660477467,1.0
cancer,32,qso,1001,0.001,140.66,0.07855361598201473,0.16546911598436656,0.9706744868035191,0.956140350877193,0.9521289997480473,2.106448110832372,1.0
cancer,32,qso,1003,0.001,115.82,0.06581958263231044,0.28762479923521167,0.9824046920821115,0.9122807017543859,0.9025641025641026,4.369897038727474,1.0
cancer,32,qso,1004,0.001,131.57,0.0546608075638404,0.09779724657198757,0.9824046920821115,0.9736842105263158,0.9718634306869601,1.7891657831393457,1.0
cancer,32,qso,1006,0.001,116.64,0.02280425100760396,0.13963133348659176,0.9912023460410557,0.9649122807017544,0.9626596790042581,6.123039666596917,1.0
cancer,32,qso,1007,0.001,114.93,0.07573894331050621,0.08877219732943334,0.9794721407624634,0.9649122807017544,0.9619111259605746,1.1720812761473953,1.0
cancer,32,qso,1005,0.001,141.22,0.07314885819036011,0.08275830034465756,0.9765395894428153,0.9473684210526315,0.9444805194805195,1.131368313764928,1.0
cancer,32,qso,1009,0.001,115.77,0.0559503568065922,0.07198468907617836,0.9765395894428153,0.956140350877193,0.9535338713621913,1.2865814122511003,1.0
cancer,32,qso,1008,0.001,142.51,0.12435132064748304,0.2033856460828527,0.9648093841642229,0.9298245614035088,0.9253193580085162,1.6355728674520464,1.0
cancer,32,qso,1003,0.001,87.28,0.10260753113231494,0.142772601547174,0.967741935483871,0.9385964912280702,0.9349474199070678,1.3914436881154972,2.0
cancer,32,qso,1004,0.001,85.9,0.07252653800222439,0.15433657158108283,0.9706744868035191,0.9385964912280702,0.9349474199070678,2.1280013610514446,2.0
cancer,32,qso,1000,0.001,126.09,0.12586021909167705,0.3212830143192358,0.9472140762463344,0.9035087719298246,0.8986339018672702,2.552697084415625,2.0
cancer,32,qso,1002,0.001,125.77,0.03551495936459875,0.09591594424419102,0.9882697947214076,0.9736842105263158,0.9718634306869601,2.700719526651067,2.0
cancer,32,qso,1001,0.001,133.36,0.04857870412654397,0.07443779896713151,0.9882697947214076,0.9912280701754386,0.9905276277523889,1.532313393400254,2.0
cancer,32,qso,1006,0.001,60.2,0.03866957363688736,0.11868968913813467,0.9941348973607038,0.9736842105263158,0.9718634306869601,3.0693301729325295,2.0
cancer,32,qso,1005,0.001,124.73,0.07154313133615291,0.1816596830707796,0.9765395894428153,0.9298245614035088,0.9246031746031746,2.5391631548419724,2.0
cancer,32,qso,1007,0.001,65.18,0.09844084680392966,0.09747312791125763,0.9706744868035191,0.956140350877193,0.9531057178116001,0.9901695391284119,2.0
cancer,32,qso,1008,0.001,59.11,0.12184223327028351,0.11134234587046234,0.9736070381231672,0.9824561403508771,0.9809555629802873,0.9138239088532693,2.0
cancer,32,qso,1009,0.001,63.37,0.06460888462338418,0.1015447978748775,0.9882697947214076,0.956140350877193,0.9539245008487591,1.5716847375836749,2.0
