dataset,batch,mean_sgd,std_sgd,mean_pso,std_pso,mean_qso,std_qso,friedman_p,p_qso_pso,p_qso_sgd,p_pso_sgd,sig_qso_pso,sig_qso_sgd,sig_pso_sgd
iris,8,0.07159056633071255,0.04044384507390425,7.812898151185374,1.238669679716254,0.143489863330047,0.10123053331222534,1.3923891935885205e-12,5.587935447692871e-09,1.1920928955078125e-06,5.587935447692871e-09,True,True,True
iris,16,0.0719992964499824,0.04058586383133667,1.304827376847254,0.5521947359753893,0.09357792337562601,0.07094556468365769,5.095898614379627e-11,5.587935447692871e-09,0.00577649287879467,5.587935447692871e-09,True,True,True
iris,32,0.07265514212164033,0.04058071406075848,0.33331865873269684,0.13935744639191106,0.0875718515181874,0.05400561615846058,7.35295806145377e-11,5.587935447692871e-09,0.029325857758522034,5.587935447692871e-09,True,True,True
iris,64,0.07291598206494991,0.04026330685601829,0.27434380402113895,0.10974678201081353,0.08134144214976048,0.05547074001641334,6.86098439969349e-10,5.587935447692871e-09,0.3598779272288084,7.450580596923828e-09,True,False,True
iris,full,0.07381147305359083,0.039361757294738266,0.0731119009906194,0.040916212358069616,0.07401189145500385,0.04162110399781459,0.03942585997900802,0.1214691661298275,0.21293285302817822,0.127112977206707,False,False,False
wine,8,0.08069694900348691,0.07227450764891,4.18452192466283,1.4196139575763567,0.25624695913198686,0.18277572425998584,6.035675523560165e-12,5.587935447692871e-09,5.144625902175903e-06,5.587935447692871e-09,True,True,True
wine,16,0.0780086855415262,0.07102174951789032,0.3363906183106746,0.23097516099295196,0.16455328104344372,0.13599405495643982,6.550832439925755e-05,0.01155298575758934,0.01155298575758934,7.82310962677002e-08,True,True,True
wine,32,0.07610342113858766,0.06852670564153344,0.32122063776745197,0.21370977027291665,0.08809027033174323,0.06212179795621916,2.6980184512036645e-10,7.450580596923828e-09,0.20540969260036945,5.587935447692871e-09,True,False,True
wine,64,0.07389497642268532,0.06463626829928691,0.16573976752812664,0.12085874802380116,0.0731467503041682,0.07246334171035118,4.539992976248486e-05,9.148567914962769e-05,0.7151329666376114,0.0001771301031112671,True,False,True
wine,full,0.07167643305383078,0.06016075043701184,0.08095952914174401,0.06375720798981964,0.07572681014704839,0.07007104799377924,0.6483443410015073,0.8799335323274136,0.8799335323274136,0.8402603454887867,False,False,False
cancer,8,0.10726317552220714,0.05286963360429805,2.7911660943884864,1.7433790688479762,0.20325685769074817,0.0754886979611615,2.7966884559268996e-11,7.078051567077637e-08,5.718320608139038e-07,1.1175870895385742e-08,True,True,True
cancer,16,0.10670043469383404,0.052425327552120995,0.6647493132968896,0.6470603001205435,0.18888121111729772,0.08370223835810935,1.4807039204169627e-10,1.996755599975586e-06,1.218356192111969e-05,5.587935447692871e-09,True,True,True
cancer,32,0.10607427460746263,0.05235304087498457,0.17104333600164504,0.05165049014187014,0.15246396458328054,0.0810307828053353,3.983565309191901e-06,0.10483990423381329,8.815154433250427e-05,1.8440186977386475e-07,False,True,True
cancer,64,0.10491383430083298,0.051411797693487346,0.1879912859492813,0.06045034429708879,0.1258884748191041,0.05261667915410789,8.865587636929421e-06,1.1947005987167358e-05,0.0018640067428350449,3.91155481338501e-07,True,True,True
cancer,full,0.09966173015752339,0.0465222788862377,0.0939079211856389,0.040655204967462485,0.09485065155956697,0.044329648906688265,0.12245642825298256,0.761065473780036,0.1214691661298275,0.677483569830656,False,False,False
